center_id,x,y,z,along,lateral,survival_time,failed,first_obstacle_id,first_uav_index,first_distance,intrusion_threshold
0,3.136185233244127,-4.573603465147685,-3.0,0.0,-5.545584412271571,50.0,False,,,,
1,2.570656877692599,-3.7488746133017075,-3.0,0.0,-4.545584412271571,50.0,False,,,,
2,2.0051285221410717,-2.9241457614557294,-3.0,0.0,-3.5455844122715714,50.0,False,,,,
3,1.439600166589544,-2.0994169096097517,-3.0,0.0,-2.5455844122715714,50.0,False,,,,
4,0.8740718110380162,-1.2746880577637736,-3.0,0.0,-1.5455844122715714,50.0,False,,,,
5,0.3085434554864885,-0.4499592059177957,-3.0,0.0,-0.5455844122715714,50.0,False,,,,
6,-0.2569849000650392,0.3747696459281822,-3.0,0.0,0.4544155877284286,50.0,False,,,,
7,-0.8225132556165669,1.19949849777416,-3.0,0.0,1.4544155877284286,50.0,False,,,,
8,-1.3880416111680947,2.024227349620138,-3.0,0.0,2.4544155877284286,50.0,False,,,,
9,-1.9535699667196222,2.8489562014661156,-3.0,0.0,3.4544155877284286,50.0,False,,,,
10,-2.51909832227115,3.6736850533120937,-3.0,0.0,4.454415587728429,50.0,False,,,,
11,-3.0846266778226776,4.498413905158071,-3.0,0.0,5.454415587728429,50.0,False,,,,
12,-3.136185233244127,4.573603465147685,-3.0,0.0,5.545584412271571,50.0,False,,,,
13,4.785642936936083,-3.4425467540446295,-3.0,2.0,-5.545584412271571,50.0,False,,,,
14,4.220114581384555,-2.6178179021986523,-3.0,2.0,-4.545584412271571,50.0,False,,,,
15,3.6545862258330275,-1.793089050352674,-3.0,2.0,-3.5455844122715714,50.0,False,,,,
16,3.0890578702814997,-0.9683601985066963,-3.0,2.0,-2.5455844122715714,50.0,False,,,,
17,2.523529514729972,-0.1436313466607182,-3.0,2.0,-1.5455844122715714,50.0,False,,,,
18,1.9580011591784443,0.6810975051852597,-3.0,2.0,-0.5455844122715714,50.0,False,,,,
19,1.3924728036269165,1.5058263570312376,-3.0,2.0,0.4544155877284286,50.0,False,,,,
20,0.8269444480753889,2.3305552088772155,-3.0,2.0,1.4544155877284286,50.0,False,,,,
21,0.2614160925238611,3.1552840607231936,-3.0,2.0,2.4544155877284286,50.0,False,,,,
22,-0.3041122630276665,3.980012912569171,-3.0,2.0,3.4544155877284286,50.0,False,,,,
23,-0.8696406185791941,4.804741764415149,-3.0,2.0,4.454415587728429,50.0,False,,,,
24,-1.4351689741307219,5.629470616261127,-3.0,2.0,5.454415587728429,50.0,False,,,,
25,-1.4867275295521711,5.704660176250741,-3.0,2.0,5.545584412271571,50.0,False,,,,
26,6.435100640628038,-2.3114900429415743,-3.0,4.0,-5.545584412271571,50.0,False,,,,
27,5.869572285076511,-1.4867611910955967,-3.0,4.0,-4.545584412271571,50.0,False,,,,
28,5.304043929524983,-0.6620323392496186,-3.0,4.0,-3.5455844122715714,50.0,False,,,,
29,4.738515573973455,0.1626965125963591,-3.0,4.0,-2.5455844122715714,50.0,False,,,,
30,4.172987218421928,0.9874253644423372,-3.0,4.0,-1.5455844122715714,50.0,False,,,,
31,3.6074588628704,1.812154216288315,-3.0,4.0,-0.5455844122715714,50.0,False,,,,
32,3.0419305073188725,2.636883068134293,-3.0,4.0,0.4544155877284286,50.0,False,,,,
33,2.4764021517673447,3.461611919980271,-3.0,4.0,1.4544155877284286,50.0,False,,,,
34,1.9108737962158169,4.286340771826248,-3.0,4.0,2.4544155877284286,50.0,False,,,,
35,1.3453454406642893,5.111069623672226,-3.0,4.0,3.4544155877284286,50.0,False,,,,
36,0.7798170851127617,5.9357984755182045,-3.0,4.0,4.454415587728429,50.0,False,,,,
37,0.2142887295612339,6.760527327364182,-3.0,4.0,5.454415587728429,50.0,False,,,,
38,0.16273017413978463,6.8357168873537955,-3.0,4.0,5.545584412271571,50.0,False,,,,
39,8.084558344319994,-1.1804333318385192,-3.0,6.0,-5.545584412271571,50.0,False,,,,
40,7.519029988768466,-0.3557044799925415,-3.0,6.0,-4.545584412271571,50.0,False,,,,
41,6.953501633216939,0.4690243718534366,-3.0,6.0,-3.5455844122715714,50.0,False,,,,
42,6.387973277665411,1.2937532236994143,-3.0,6.0,-2.5455844122715714,50.0,False,,,,
43,5.822444922113883,2.1184820755453924,-3.0,6.0,-1.5455844122715714,50.0,False,,,,
44,5.256916566562356,2.9432109273913705,-3.0,6.0,-0.5455844122715714,50.0,False,,,,
45,4.691388211010827,3.767939779237348,-3.0,6.0,0.4544155877284286,50.0,False,,,,
46,4.1258598554593,4.592668631083326,-3.0,6.0,1.4544155877284286,50.0,False,,,,
47,3.560331499907772,5.417397482929304,-3.0,6.0,2.4544155877284286,50.0,False,,,,
48,2.9948031443562444,6.242126334775282,-3.0,6.0,3.4544155877284286,50.0,False,,,,
49,2.429274788804717,7.066855186621259,-3.0,6.0,4.454415587728429,50.0,False,,,,
50,1.8637464332531892,7.891584038467237,-3.0,6.0,5.454415587728429,50.0,False,,,,
51,1.81218787783174,7.966773598456851,-3.0,6.0,5.545584412271571,50.0,False,,,,
52,9.73401604801195,-0.04937662073546356,-3.0,8.0,-5.545584412271571,11.5,True,fast_crossing_ball_1,2,1.447247853472548,1.5
53,9.168487692460422,0.7753522311105141,-3.0,8.0,-4.545584412271571,12.75,True,fast_crossing_ball_1,2,1.418871430578799,1.5
54,8.602959336908896,1.6000810829564922,-3.0,8.0,-3.5455844122715714,15.75,True,fast_crossing_ball_1,1,1.4289056199337915,1.5
55,8.037430981357367,2.42480993480247,-3.0,8.0,-2.5455844122715714,50.0,False,,,,
56,7.471902625805839,3.249538786648448,-3.0,8.0,-1.5455844122715714,50.0,False,,,,
57,6.906374270254312,4.074267638494426,-3.0,8.0,-0.5455844122715714,50.0,False,,,,
58,6.340845914702784,4.898996490340403,-3.0,8.0,0.4544155877284286,50.0,False,,,,
59,5.775317559151256,5.723725342186381,-3.0,8.0,1.4544155877284286,50.0,False,,,,
60,5.209789203599728,6.5484541940323595,-3.0,8.0,2.4544155877284286,50.0,False,,,,
61,4.644260848048201,7.373183045878337,-3.0,8.0,3.4544155877284286,50.0,False,,,,
62,4.078732492496673,8.197911897724316,-3.0,8.0,4.454415587728429,50.0,False,,,,
63,3.5132041369451454,9.022640749570293,-3.0,8.0,5.454415587728429,50.0,False,,,,
64,3.461645581523696,9.097830309559907,-3.0,8.0,5.545584412271571,50.0,False,,,,
65,11.383473751703907,1.081680090367592,-3.0,10.0,-5.545584412271571,12.5,True,fast_crossing_ball_1,2,1.4937477025923795,1.5
66,10.817945396152378,1.9064089422135697,-3.0,10.0,-4.545584412271571,13.0,True,fast_crossing_ball_1,2,1.4472509638652287,1.5
67,10.25241704060085,2.731137794059548,-3.0,10.0,-3.5455844122715714,13.75,True,fast_crossing_ball_1,2,1.345821076124493,1.5
68,9.686888685049324,3.5558666459055255,-3.0,10.0,-2.5455844122715714,14.5,True,fast_crossing_ball_1,2,1.4761129763088665,1.5
69,9.121360329497795,4.380595497751504,-3.0,10.0,-1.5455844122715714,15.75,True,fast_crossing_ball_1,2,1.4641727264039728,1.5
70,8.555831973946267,5.205324349597482,-3.0,10.0,-0.5455844122715714,18.75,True,fast_crossing_ball_1,1,1.476090866421529,1.5
71,7.99030361839474,6.03005320144346,-3.0,10.0,0.4544155877284286,50.0,False,,,,
72,7.424775262843212,6.854782053289437,-3.0,10.0,1.4544155877284286,50.0,False,,,,
73,6.859246907291684,7.679510905135415,-3.0,10.0,2.4544155877284286,50.0,False,,,,
74,6.293718551740157,8.504239756981393,-3.0,10.0,3.4544155877284286,50.0,False,,,,
75,5.7281901961886295,9.32896860882737,-3.0,10.0,4.454415587728429,50.0,False,,,,
76,5.162661840637101,10.15369746067335,-3.0,10.0,5.454415587728429,50.0,False,,,,
77,5.111103285215652,10.228887020662963,-3.0,10.0,5.545584412271571,50.0,False,,,,
78,13.032931455395861,2.2127368014706468,-3.0,12.0,-5.545584412271571,15.75,True,fast_crossing_ball_1,3,1.4777885306643297,1.5
79,12.467403099844333,3.0374656533166244,-3.0,12.0,-4.545584412271571,16.5,True,fast_crossing_ball_1,3,1.3044977689083885,1.5
80,11.901874744292805,3.8621945051626025,-3.0,12.0,-3.5455844122715714,15.5,True,fast_crossing_ball_1,2,1.4797069391506894,1.5
81,11.336346388741278,4.68692335700858,-3.0,12.0,-2.5455844122715714,15.5,True,fast_crossing_ball_1,2,1.4695146166561797,1.5
82,10.77081803318975,5.511652208854558,-3.0,12.0,-1.5455844122715714,16.0,True,fast_crossing_ball_1,2,1.4416610935704532,1.5
83,10.205289677638222,6.336381060700536,-3.0,12.0,-0.5455844122715714,16.75,True,fast_crossing_ball_1,2,1.3592645482031787,1.5
84,9.639761322086695,7.1611099125465145,-3.0,12.0,0.4544155877284286,17.75,True,fast_crossing_ball_1,2,1.2659389736891355,1.5
85,9.074232966535167,7.985838764392492,-3.0,12.0,1.4544155877284286,19.0,True,fast_crossing_ball_1,2,1.4208725821484949,1.5
86,8.508704610983639,8.810567616238469,-3.0,12.0,2.4544155877284286,22.0,True,fast_crossing_ball_1,1,1.4913328306633715,1.5
87,7.943176255432111,9.635296468084448,-3.0,12.0,3.4544155877284286,50.0,False,,,,
88,7.377647899880584,10.460025319930425,-3.0,12.0,4.454415587728429,50.0,False,,,,
89,6.812119544329056,11.284754171776402,-3.0,12.0,5.454415587728429,50.0,False,,,,
90,6.760560988907606,11.359943731766016,-3.0,12.0,5.545584412271571,50.0,False,,,,
91,14.682389159087817,3.3437935125737024,-3.0,14.0,-5.545584412271571,18.5,True,fast_crossing_ball_2,1,1.378804568645071,1.5
92,14.116860803536289,4.16852236441968,-3.0,14.0,-4.545584412271571,50.0,False,,,,
93,13.551332447984763,4.993251216265659,-3.0,14.0,-3.5455844122715714,18.5,True,fast_crossing_ball_1,3,1.3562463045849416,1.5
94,12.985804092433234,5.817980068111636,-3.0,14.0,-2.5455844122715714,18.75,True,fast_crossing_ball_1,3,1.4664829734230573,1.5
95,12.420275736881706,6.642708919957614,-3.0,14.0,-1.5455844122715714,19.5,True,fast_crossing_ball_1,3,1.3118468606582236,1.5
96,11.854747381330178,7.467437771803592,-3.0,14.0,-0.5455844122715714,18.5,True,fast_crossing_ball_1,2,1.4353634832326114,1.5
97,11.289219025778651,8.29216662364957,-3.0,14.0,0.4544155877284286,18.5,True,fast_crossing_ball_1,2,1.4464304955655738,1.5
98,10.723690670227123,9.116895475495548,-3.0,14.0,1.4544155877284286,19.0,True,fast_crossing_ball_1,2,1.4376143521092302,1.5
99,10.158162314675595,9.941624327341525,-3.0,14.0,2.4544155877284286,19.75,True,fast_crossing_ball_1,2,1.3742135261424457,1.5
100,9.592633959124068,10.766353179187503,-3.0,14.0,3.4544155877284286,20.75,True,fast_crossing_ball_1,2,1.3010890112926736,1.5
101,9.02710560357254,11.591082031033482,-3.0,14.0,4.454415587728429,22.0,True,fast_crossing_ball_1,2,1.4681050683410812,1.5
102,8.461577248021012,12.415810882879459,-3.0,14.0,5.454415587728429,50.0,False,,,,
103,8.410018692599563,12.491000442869073,-3.0,14.0,5.545584412271571,50.0,False,,,,
104,16.331846862779773,4.474850223676758,-3.0,16.0,-5.545584412271571,17.0,True,fast_crossing_ball_2,1,1.2692967796231376,1.5
105,15.766318507228245,5.299579075522736,-3.0,16.0,-4.545584412271571,16.25,True,fast_crossing_ball_2,1,1.3951307320656106,1.5
106,15.200790151676717,6.124307927368713,-3.0,16.0,-3.5455844122715714,15.75,True,fast_crossing_ball_2,1,1.4423584280394872,1.5
107,14.63526179612519,6.949036779214691,-3.0,16.0,-2.5455844122715714,15.75,True,fast_crossing_ball_2,1,1.4155771644451969,1.5
108,14.069733440573662,7.7737656310606695,-3.0,16.0,-1.5455844122715714,50.0,False,,,,
109,13.504205085022134,8.598494482906647,-3.0,16.0,-0.5455844122715714,21.5,True,fast_crossing_ball_1,3,1.3235588624320376,1.5
110,12.938676729470608,9.423223334752626,-3.0,16.0,0.4544155877284286,21.75,True,fast_crossing_ball_1,3,1.456634010891613,1.5
111,12.37314837391908,10.247952186598603,-3.0,16.0,1.4544155877284286,22.5,True,fast_crossing_ball_1,3,1.3208583962410456,1.5
112,11.807620018367551,11.072681038444582,-3.0,16.0,2.4544155877284286,21.25,True,fast_crossing_ball_1,2,1.4992104027359907,1.5
113,11.242091662816025,11.89740989029056,-3.0,16.0,3.4544155877284286,21.5,True,fast_crossing_ball_1,2,1.424551195572747,1.5
114,10.676563307264496,12.722138742136536,-3.0,16.0,4.454415587728429,22.0,True,fast_crossing_ball_1,2,1.4351237934184922,1.5
115,10.111034951712968,13.546867593982515,-3.0,16.0,5.454415587728429,22.75,True,fast_crossing_ball_1,2,1.3906194588144818,1.5
116,10.059476396291519,13.62205715397213,-3.0,16.0,5.545584412271571,22.75,True,fast_crossing_ball_1,2,1.4768092041571323,1.5
117,17.981304566471728,5.605906934779813,-3.0,18.0,-5.545584412271571,5.75,True,inner_patrol_ball,1,1.2147026596634574,1.4
118,17.4157762109202,6.430635786625791,-3.0,18.0,-4.545584412271571,15.5,True,fast_crossing_ball_2,3,1.321968592000116,1.5
119,16.850247855368675,7.255364638471768,-3.0,18.0,-3.5455844122715714,15.0,True,fast_crossing_ball_2,1,1.346916647055137,1.5
120,16.284719499817147,8.080093490317747,-3.0,18.0,-2.5455844122715714,14.25,True,fast_crossing_ball_2,1,1.228359377567148,1.5
121,15.719191144265618,8.904822342163724,-3.0,18.0,-1.5455844122715714,13.5,True,fast_crossing_ball_2,1,1.374174859543261,1.5
122,15.15366278871409,9.729551194009701,-3.0,18.0,-0.5455844122715714,13.0,True,fast_crossing_ball_2,1,1.4443812109866725,1.5
123,14.588134433162564,10.55428004585568,-3.0,18.0,0.4544155877284286,13.0,True,fast_crossing_ball_2,1,1.4535771962695156,1.5
124,14.022606077611036,11.379008897701658,-3.0,18.0,1.4544155877284286,50.0,False,,,,
125,13.457077722059507,12.203737749547635,-3.0,18.0,2.4544155877284286,24.5,True,fast_crossing_ball_1,3,1.2917852167888562,1.5
126,12.89154936650798,13.028466601393614,-3.0,18.0,3.4544155877284286,24.75,True,fast_crossing_ball_1,3,1.4482713600711705,1.5
127,12.326021010956453,13.853195453239591,-3.0,18.0,4.454415587728429,25.5,True,fast_crossing_ball_1,3,1.3314986220014862,1.5
128,11.760492655404924,14.677924305085568,-3.0,18.0,5.454415587728429,24.25,True,fast_crossing_ball_1,2,1.4596257793088177,1.5
129,11.708934099983475,14.753113865075182,-3.0,18.0,5.545584412271571,24.25,True,fast_crossing_ball_1,2,1.4515398533660744,1.5
130,19.630762270163686,6.736963645882869,-3.0,20.0,-5.545584412271571,4.5,True,inner_patrol_ball,1,1.3363862819691081,1.4
131,19.065233914612158,7.561692497728847,-3.0,20.0,-4.545584412271571,4.5,True,inner_patrol_ball,1,1.2471459990956792,1.4
132,18.49970555906063,8.386421349574825,-3.0,20.0,-3.5455844122715714,5.5,True,inner_patrol_ball,2,1.3496870103752967,1.4
133,17.9341772035091,9.211150201420804,-3.0,20.0,-2.5455844122715714,13.0,True,fast_crossing_ball_2,3,1.3479387538236733,1.5
134,17.368648847957576,10.03587905326678,-3.0,20.0,-1.5455844122715714,12.75,True,fast_crossing_ball_2,3,1.3444803835070345,1.5
135,16.803120492406048,10.860607905112758,-3.0,20.0,-0.5455844122715714,12.25,True,fast_crossing_ball_2,1,1.2938291415377305,1.5
136,16.23759213685452,11.685336756958737,-3.0,20.0,0.4544155877284286,11.5,True,fast_crossing_ball_2,1,1.1886507027661608,1.5
137,15.672063781302992,12.510065608804714,-3.0,20.0,1.4544155877284286,10.75,True,fast_crossing_ball_2,1,1.3552101743572498,1.5
138,15.106535425751463,13.334794460650691,-3.0,20.0,2.4544155877284286,10.25,True,fast_crossing_ball_2,1,1.4485674362624494,1.5
139,14.541007070199937,14.15952331249667,-3.0,20.0,3.4544155877284286,10.25,True,fast_crossing_ball_2,1,1.492710926323193,1.5
140,13.975478714648409,14.984252164342648,-3.0,20.0,4.454415587728429,27.5,True,fast_crossing_ball_1,3,1.473891902767822,1.5
141,13.40995035909688,15.808981016188625,-3.0,20.0,5.454415587728429,27.25,True,fast_crossing_ball_1,3,1.4850697412535976,1.5
142,13.358391803675431,15.884170576178239,-3.0,20.0,5.545584412271571,27.5,True,fast_crossing_ball_1,3,1.2792593520293767,1.5
143,21.28021997385564,7.868020356985924,-3.0,22.0,-5.545584412271571,3.5,True,inner_patrol_ball,1,1.0823051007146196,1.4
144,20.714691618304112,8.692749208831902,-3.0,22.0,-4.545584412271571,3.5,True,inner_patrol_ball,1,1.094206042401546,1.4
145,20.149163262752584,9.51747806067788,-3.0,22.0,-3.5455844122715714,4.0,True,inner_patrol_ball,1,1.350861362588122,1.4
146,19.583634907201056,10.342206912523856,-3.0,22.0,-2.5455844122715714,4.5,True,inner_patrol_ball,2,1.1466180665146988,1.4
147,19.01810655164953,11.166935764369835,-3.0,22.0,-1.5455844122715714,11.5,True,fast_crossing_ball_2,3,1.3212753996440558,1.5
148,18.452578196098003,11.991664616215813,-3.0,22.0,-0.5455844122715714,10.75,True,fast_crossing_ball_2,3,1.3676845391954657,1.5
149,17.887049840546474,12.816393468061792,-3.0,22.0,0.4544155877284286,10.25,True,fast_crossing_ball_2,3,1.341531262591157,1.5
150,17.321521484994946,13.641122319907769,-3.0,22.0,1.4544155877284286,10.0,True,fast_crossing_ball_2,3,1.3689139242733834,1.5
151,16.755993129443418,14.465851171753748,-3.0,22.0,2.4544155877284286,9.5,True,fast_crossing_ball_2,1,1.2409973923840945,1.5
152,16.19046477389189,15.290580023599725,-3.0,22.0,3.4544155877284286,8.5,True,fast_crossing_ball_2,1,1.4717960108689883,1.5
153,15.624936418340363,16.115308875445702,-3.0,22.0,4.454415587728429,8.0,True,fast_crossing_ball_2,1,1.3383213275577497,1.5
154,15.059408062788835,16.94003772729168,-3.0,22.0,5.454415587728429,7.5,True,fast_crossing_ball_2,1,1.4548984291635172,1.5
155,15.007849507367386,17.015227287281295,-3.0,22.0,5.545584412271571,7.5,True,fast_crossing_ball_2,1,1.433567984791223,1.5
156,22.929677677547595,8.99907706808898,-3.0,24.0,-5.545584412271571,2.25,True,inner_patrol_ball,1,1.099944520604776,1.4
157,22.364149321996067,9.823805919934957,-3.0,24.0,-4.545584412271571,2.75,True,inner_patrol_ball,1,1.1285941365725334,1.4
158,21.79862096644454,10.648534771780934,-3.0,24.0,-3.5455844122715714,3.25,True,inner_patrol_ball,2,1.1957952843906796,1.4
159,21.23309261089301,11.473263623626913,-3.0,24.0,-2.5455844122715714,3.5,True,inner_patrol_ball,2,1.0468323319534956,1.4
160,20.667564255341485,12.29799247547289,-3.0,24.0,-1.5455844122715714,50.0,False,,,,
161,20.102035899789957,13.122721327318867,-3.0,24.0,-0.5455844122715714,50.0,False,,,,
162,19.53650754423843,13.947450179164846,-3.0,24.0,0.4544155877284286,9.5,True,fast_crossing_ball_2,3,1.463735369719684,1.5
163,18.9709791886869,14.772179031010824,-3.0,24.0,1.4544155877284286,8.75,True,fast_crossing_ball_2,3,1.2754295006658831,1.5
164,18.405450833135372,15.5969078828568,-3.0,24.0,2.4544155877284286,8.0,True,fast_crossing_ball_2,3,1.3400474124335684,1.5
165,17.839922477583844,16.42163673470278,-3.0,24.0,3.4544155877284286,7.5,True,fast_crossing_ball_2,3,1.3374395911565478,1.5
166,17.27439412203232,17.24636558654876,-3.0,24.0,4.454415587728429,7.25,True,fast_crossing_ball_2,3,1.395168251336637,1.5
167,16.70886576648079,18.071094438394734,-3.0,24.0,5.454415587728429,6.5,True,fast_crossing_ball_2,1,1.4622209512906328,1.5
168,16.65730721105934,18.146283998384348,-3.0,24.0,5.545584412271571,6.5,True,fast_crossing_ball_2,1,1.3714900591167927,1.5
169,24.579135381239553,10.130133779192036,-3.0,26.0,-5.545584412271571,1.5,True,inner_patrol_ball,2,1.3222608180649824,1.4
170,24.013607025688025,10.954862631038013,-3.0,26.0,-4.545584412271571,1.75,True,inner_patrol_ball,2,1.314803605312025,1.4
171,23.448078670136496,11.77959148288399,-3.0,26.0,-3.5455844122715714,2.25,True,inner_patrol_ball,2,1.1180064689897486,1.4
172,22.882550314584968,12.60432033472997,-3.0,26.0,-2.5455844122715714,2.75,True,inner_patrol_ball,2,1.316561305658517,1.4
173,22.317021959033443,13.429049186575947,-3.0,26.0,-1.5455844122715714,50.0,False,,,,
174,21.751493603481915,14.253778038421924,-3.0,26.0,-0.5455844122715714,50.0,False,,,,
175,21.185965247930387,15.078506890267903,-3.0,26.0,0.4544155877284286,50.0,False,,,,
176,20.62043689237886,15.90323574211388,-3.0,26.0,1.4544155877284286,50.0,False,,,,
177,20.05490853682733,16.727964593959857,-3.0,26.0,2.4544155877284286,50.0,False,,,,
178,19.489380181275802,17.552693445805836,-3.0,26.0,3.4544155877284286,6.75,True,fast_crossing_ball_2,3,1.409088325732353,1.5
179,18.923851825724277,18.377422297651815,-3.0,26.0,4.454415587728429,0.0,True,fast_crossing_ball_2,3,1.2304240844793866,1.5
180,18.35832347017275,19.20215114949779,-3.0,26.0,5.454415587728429,0.0,True,fast_crossing_ball_2,3,0.36128646104382234,1.5
181,18.306764914751298,19.277340709487405,-3.0,26.0,5.545584412271571,0.0,True,fast_crossing_ball_2,3,0.3223105942492269,1.5
182,26.228593084931507,11.261190490295089,-3.0,28.0,-5.545584412271571,1.0,True,inner_patrol_ball,2,1.0451964609540534,1.4
183,25.66306472937998,12.085919342141068,-3.0,28.0,-4.545584412271571,1.5,True,inner_patrol_ball,2,1.2735686488492695,1.4
184,25.09753637382845,12.910648193987045,-3.0,28.0,-3.5455844122715714,50.0,False,,,,
185,24.532008018276922,13.735377045833022,-3.0,28.0,-2.5455844122715714,50.0,False,,,,
186,23.966479662725398,14.560105897679001,-3.0,28.0,-1.5455844122715714,50.0,False,,,,
187,23.40095130717387,15.384834749524979,-3.0,28.0,-0.5455844122715714,50.0,False,,,,
188,22.83542295162234,16.209563601370956,-3.0,28.0,0.4544155877284286,50.0,False,,,,
189,22.269894596070813,17.034292453216935,-3.0,28.0,1.4544155877284286,50.0,False,,,,
190,21.704366240519285,17.859021305062914,-3.0,28.0,2.4544155877284286,50.0,False,,,,
191,21.138837884967757,18.68375015690889,-3.0,28.0,3.4544155877284286,50.0,False,,,,
192,20.57330952941623,19.50847900875487,-3.0,28.0,4.454415587728429,50.0,False,,,,
193,20.007781173864704,20.333207860600847,-3.0,28.0,5.454415587728429,50.0,False,,,,
194,19.956222618443253,20.40839742059046,-3.0,28.0,5.545584412271571,50.0,False,,,,
195,27.878050788623465,12.392247201398146,-3.0,30.0,-5.545584412271571,32.0,True,diagonal_crossing_ball,2,1.4013220951955483,1.45
196,27.312522433071937,13.216976053244123,-3.0,30.0,-4.545584412271571,33.5,True,diagonal_crossing_ball,2,1.3780763896518828,1.45
197,26.74699407752041,14.0417049050901,-3.0,30.0,-3.5455844122715714,50.0,False,,,,
198,26.18146572196888,14.866433756936079,-3.0,30.0,-2.5455844122715714,50.0,False,,,,
199,25.615937366417356,15.691162608782056,-3.0,30.0,-1.5455844122715714,50.0,False,,,,
200,25.050409010865827,16.515891460628033,-3.0,30.0,-0.5455844122715714,50.0,False,,,,
201,24.4848806553143,17.340620312474012,-3.0,30.0,0.4544155877284286,50.0,False,,,,
202,23.91935229976277,18.16534916431999,-3.0,30.0,1.4544155877284286,50.0,False,,,,
203,23.353823944211243,18.990078016165967,-3.0,30.0,2.4544155877284286,50.0,False,,,,
204,22.788295588659714,19.814806868011946,-3.0,30.0,3.4544155877284286,50.0,False,,,,
205,22.222767233108186,20.639535719857925,-3.0,30.0,4.454415587728429,50.0,False,,,,
206,21.65723887755666,21.4642645717039,-3.0,30.0,5.454415587728429,50.0,False,,,,
207,21.60568032213521,21.539454131693514,-3.0,30.0,5.545584412271571,50.0,False,,,,
208,29.52750849231542,13.523303912501202,-3.0,32.0,-5.545584412271571,33.5,True,diagonal_crossing_ball,2,1.3226989758856118,1.45
209,28.96198013676389,14.34803276434718,-3.0,32.0,-4.545584412271571,34.0,True,diagonal_crossing_ball,2,1.2203030703151323,1.45
210,28.396451781212363,15.172761616193156,-3.0,32.0,-3.5455844122715714,34.75,True,diagonal_crossing_ball,2,1.304901880308139,1.45
211,27.830923425660835,15.997490468039135,-3.0,32.0,-2.5455844122715714,50.0,False,,,,
212,27.26539507010931,16.822219319885114,-3.0,32.0,-1.5455844122715714,50.0,False,,,,
213,26.699866714557782,17.64694817173109,-3.0,32.0,-0.5455844122715714,50.0,False,,,,
214,26.134338359006254,18.47167702357707,-3.0,32.0,0.4544155877284286,50.0,False,,,,
215,25.568810003454725,19.296405875423048,-3.0,32.0,1.4544155877284286,50.0,False,,,,
216,25.003281647903197,20.121134727269023,-3.0,32.0,2.4544155877284286,50.0,False,,,,
217,24.43775329235167,20.945863579115002,-3.0,32.0,3.4544155877284286,50.0,False,,,,
218,23.872224936800144,21.77059243096098,-3.0,32.0,4.454415587728429,50.0,False,,,,
219,23.306696581248616,22.595321282806957,-3.0,32.0,5.454415587728429,50.0,False,,,,
220,23.255138025827165,22.67051084279657,-3.0,32.0,5.545584412271571,50.0,False,,,,
221,31.176966196007374,14.654360623604259,-3.0,34.0,-5.545584412271571,37.0,True,diagonal_crossing_ball,3,1.297806169455304,1.45
222,30.611437840455846,15.479089475450236,-3.0,34.0,-4.545584412271571,36.0,True,diagonal_crossing_ball,2,1.4183668619766114,1.45
223,30.045909484904318,16.303818327296213,-3.0,34.0,-3.5455844122715714,12.0,True,target_patrol_ball,1,1.362131220588292,1.4
224,29.48038112935279,17.128547179142192,-3.0,34.0,-2.5455844122715714,12.25,True,target_patrol_ball,1,1.3627854384149105,1.4
225,28.914852773801265,17.95327603098817,-3.0,34.0,-1.5455844122715714,13.0,True,target_patrol_ball,1,1.078956303908586,1.4
226,28.349324418249736,18.778004882834146,-3.0,34.0,-0.5455844122715714,13.5,True,target_patrol_ball,1,1.3505645943347069,1.4
227,27.783796062698208,19.602733734680125,-3.0,34.0,0.4544155877284286,14.25,True,target_patrol_ball,1,1.243188439888065,1.4
228,27.21826770714668,20.427462586526104,-3.0,34.0,1.4544155877284286,15.0,True,target_patrol_ball,1,1.175957676283804,1.4
229,26.65273935159515,21.25219143837208,-3.0,34.0,2.4544155877284286,50.0,False,,,,
230,26.087210996043623,22.07692029021806,-3.0,34.0,3.4544155877284286,50.0,False,,,,
231,25.521682640492095,22.901649142064038,-3.0,34.0,4.454415587728429,50.0,False,,,,
232,24.95615428494057,23.726377993910013,-3.0,34.0,5.454415587728429,50.0,False,,,,
233,24.90459572951912,23.801567553899627,-3.0,34.0,5.545584412271571,50.0,False,,,,
234,32.82642389969933,15.785417334707311,-3.0,36.0,-5.545584412271571,12.0,True,target_patrol_ball,3,1.166096822655886,1.4
235,32.2608955441478,16.610146186553287,-3.0,36.0,-4.545584412271571,10.75,True,target_patrol_ball,1,1.2729898527929264,1.4
236,31.695367188596276,17.434875038399266,-3.0,36.0,-3.5455844122715714,10.75,True,target_patrol_ball,1,1.2553890532812857,1.4
237,31.129838833044747,18.259603890245245,-3.0,36.0,-2.5455844122715714,11.5,True,target_patrol_ball,1,1.3750240799170301,1.4
238,30.564310477493223,19.08433274209122,-3.0,36.0,-1.5455844122715714,12.0,True,target_patrol_ball,2,1.1929630434723588,1.4
239,29.998782121941694,19.9090615939372,-3.0,36.0,-0.5455844122715714,12.25,True,target_patrol_ball,2,1.3658390832989742,1.4
240,29.433253766390166,20.73379044578318,-3.0,36.0,0.4544155877284286,13.0,True,target_patrol_ball,2,1.2394339602647972,1.4
241,28.867725410838638,21.558519297629157,-3.0,36.0,1.4544155877284286,13.75,True,target_patrol_ball,2,1.218605592407969,1.4
242,28.30219705528711,22.383248149475133,-3.0,36.0,2.4544155877284286,14.5,True,target_patrol_ball,2,1.0979431515903308,1.4
243,27.73666869973558,23.20797700132111,-3.0,36.0,3.4544155877284286,15.0,True,target_patrol_ball,2,1.3608390898683038,1.4
244,27.171140344184053,24.03270585316709,-3.0,36.0,4.454415587728429,50.0,False,,,,
245,26.60561198863253,24.857434705013066,-3.0,36.0,5.454415587728429,50.0,False,,,,
246,26.554053433211077,24.93262426500268,-3.0,36.0,5.545584412271571,50.0,False,,,,
247,34.47588160339129,16.916474045810368,-3.0,38.0,-5.545584412271571,10.5,True,target_patrol_ball,3,1.348986213226896,1.4
248,33.91035324783976,17.741202897656343,-3.0,38.0,-4.545584412271571,9.75,True,target_patrol_ball,1,1.1660700544854659,1.4
249,33.34482489228823,18.565931749502322,-3.0,38.0,-3.5455844122715714,9.25,True,target_patrol_ball,1,1.2340520582363717,1.4
250,32.7792965367367,19.3906606013483,-3.0,38.0,-2.5455844122715714,9.0,True,target_patrol_ball,1,1.3643355335005478,1.4
251,32.21376818118517,20.215389453194277,-3.0,38.0,-1.5455844122715714,10.75,True,target_patrol_ball,2,1.175895222164945,1.4
252,31.64823982563365,21.040118305040256,-3.0,38.0,-0.5455844122715714,0.0,True,target_patrol_ball,3,1.3632321638665688,1.4
253,31.08271147008212,21.864847156886235,-3.0,38.0,0.4544155877284286,0.0,True,target_patrol_ball,3,1.2366366525258918,1.4
254,30.517183114530592,22.689576008732214,-3.0,38.0,1.4544155877284286,0.0,True,target_patrol_ball,1,0.7665417363464665,1.4
255,29.951654758979064,23.51430486057819,-3.0,38.0,2.4544155877284286,0.0,True,target_patrol_ball,1,0.8114521004539762,1.4
256,29.386126403427536,24.33903371242417,-3.0,38.0,3.4544155877284286,0.0,True,target_patrol_ball,2,1.2193232728478456,1.4
257,28.82059804787601,25.163762564270147,-3.0,38.0,4.454415587728429,0.0,True,target_patrol_ball,2,1.399148856083045,1.4
258,28.255069692324483,25.988491416116123,-3.0,38.0,5.454415587728429,50.0,False,,,,
259,28.203511136903032,26.063680976105736,-3.0,38.0,5.545584412271571,50.0,False,,,,
260,36.125339307083244,18.047530756913424,-3.0,40.0,-5.545584412271571,9.25,True,target_patrol_ball,3,1.1668164424240688,1.4
261,35.559810951531716,18.8722596087594,-3.0,40.0,-4.545584412271571,8.75,True,target_patrol_ball,3,1.384420771459314,1.4
262,34.99428259598019,19.69698846060538,-3.0,40.0,-3.5455844122715714,8.75,True,target_patrol_ball,1,1.2223021273950447,1.4
263,34.42875424042866,20.521717312451358,-3.0,40.0,-2.5455844122715714,8.0,True,target_patrol_ball,1,1.2140124286095038,1.4
264,33.86322588487713,21.346446164297333,-3.0,40.0,-1.5455844122715714,5.75,True,target_patrol_ball,3,1.2931860430601465,1.4
265,33.2976975293256,22.171175016143312,-3.0,40.0,-0.5455844122715714,0.0,True,target_patrol_ball,3,1.0475221476030419,1.4
266,32.732169173774075,22.99590386798929,-3.0,40.0,0.4544155877284286,0.0,True,target_patrol_ball,3,0.8764536082925375,1.4
267,32.16664081822255,23.82063271983527,-3.0,40.0,1.4544155877284286,6.0,True,target_patrol_ball,1,1.2636301188049803,1.4
268,31.601112462671022,24.645361571681246,-3.0,40.0,2.4544155877284286,5.25,True,target_patrol_ball,2,1.2589442171538552,1.4
269,31.035584107119494,25.470090423527225,-3.0,40.0,3.4544155877284286,0.0,True,target_patrol_ball,2,0.8518509029325112,1.4
270,30.47005575156797,26.294819275373204,-3.0,40.0,4.454415587728429,0.0,True,target_patrol_ball,2,1.0938547611986968,1.4
271,29.90452739601644,27.11954812721918,-3.0,40.0,5.454415587728429,50.0,False,,,,
272,29.85296884059499,27.194737687208793,-3.0,40.0,5.545584412271571,50.0,False,,,,
273,37.774797010775195,19.178587468016477,-3.0,42.0,-5.545584412271571,9.0,True,target_patrol_ball,3,1.3208912098782197,1.4
274,37.20926865522367,20.003316319862453,-3.0,42.0,-4.545584412271571,8.25,True,target_patrol_ball,3,1.1105531788703844,1.4
275,36.64374029967214,20.828045171708432,-3.0,42.0,-3.5455844122715714,7.5,True,target_patrol_ball,3,1.2075564259079075,1.4
276,36.07821194412061,21.65277402355441,-3.0,42.0,-2.5455844122715714,7.0,True,target_patrol_ball,3,1.0372146733473222,1.4
277,35.51268358856908,22.47750287540039,-3.0,42.0,-1.5455844122715714,6.5,True,target_patrol_ball,3,1.0686378680969708,1.4
278,34.947155233017554,23.302231727246365,-3.0,42.0,-0.5455844122715714,6.25,True,target_patrol_ball,3,1.1932765385649386,1.4
279,34.381626877466026,24.126960579092344,-3.0,42.0,0.4544155877284286,7.25,True,target_patrol_ball,2,1.201672906381327,1.4
280,33.8160985219145,24.951689430938323,-3.0,42.0,1.4544155877284286,6.75,True,target_patrol_ball,2,1.086995677415082,1.4
281,33.25057016636298,25.7764182827843,-3.0,42.0,2.4544155877284286,6.25,True,target_patrol_ball,2,1.2452760749467537,1.4
282,32.68504181081145,26.601147134630278,-3.0,42.0,3.4544155877284286,6.25,True,target_patrol_ball,2,1.3188529715600148,1.4
283,32.11951345525992,27.425875986476257,-3.0,42.0,4.454415587728429,50.0,False,,,,
284,31.55398509970839,28.250604838322232,-3.0,42.0,5.454415587728429,50.0,False,,,,
285,31.50242654428694,28.325794398311846,-3.0,42.0,5.545584412271571,50.0,False,,,,
286,38.13618523324413,19.426396534852316,-3.0,42.43819034784589,-5.545584412271571,50.0,False,,,,
287,37.5706568776926,20.25112538669829,-3.0,42.43819034784589,-4.545584412271571,8.25,True,target_patrol_ball,3,1.3323644370157455,1.4
288,37.00512852214107,21.07585423854427,-3.0,42.43819034784589,-3.5455844122715714,7.75,True,target_patrol_ball,3,1.090742085247913,1.4
289,36.43960016658954,21.90058309039025,-3.0,42.43819034784589,-2.5455844122715714,7.0,True,target_patrol_ball,3,1.3255979041979813,1.4
290,35.874071811038014,22.725311942236225,-3.0,42.43819034784589,-1.5455844122715714,6.75,True,target_patrol_ball,3,1.1822073937256672,1.4
291,35.308543455486486,23.550040794082204,-3.0,42.43819034784589,-0.5455844122715714,8.0,True,target_patrol_ball,2,1.2708375728158778,1.4
292,34.74301509993496,24.374769645928183,-3.0,42.43819034784589,0.4544155877284286,7.5,True,target_patrol_ball,2,1.0950412671679766,1.4
293,34.17748674438343,25.19949849777416,-3.0,42.43819034784589,1.4544155877284286,7.0,True,target_patrol_ball,2,1.1036119699739777,1.4
294,33.61195838883191,26.024227349620137,-3.0,42.43819034784589,2.4544155877284286,6.5,True,target_patrol_ball,2,1.376176338899194,1.4
295,33.04643003328038,26.848956201466116,-3.0,42.43819034784589,3.4544155877284286,50.0,False,,,,
296,32.48090167772885,27.673685053312095,-3.0,42.43819034784589,4.454415587728429,50.0,False,,,,
297,31.915373322177324,28.49841390515807,-3.0,42.43819034784589,5.454415587728429,50.0,False,,,,
298,31.863814766755873,28.573603465147684,-3.0,42.43819034784589,5.545584412271571,50.0,False,,,,
